-- MySQL Script generated by MySQL Workbench
-- Tue May 23 13:25:07 2023
-- Model: New Model    Version: 1.0
-- MySQL Workbench Forward Engineering

SET @OLD_UNIQUE_CHECKS=@@UNIQUE_CHECKS, UNIQUE_CHECKS=0;
SET @OLD_FOREIGN_KEY_CHECKS=@@FOREIGN_KEY_CHECKS, FOREIGN_KEY_CHECKS=0;
SET @OLD_SQL_MODE=@@SQL_MODE, SQL_MODE='ONLY_FULL_GROUP_BY,STRICT_TRANS_TABLES,NO_ZERO_IN_DATE,NO_ZERO_DATE,ERROR_FOR_DIVISION_BY_ZERO,NO_ENGINE_SUBSTITUTION';

-- -----------------------------------------------------
-- Schema lacteos_db
-- -----------------------------------------------------
DROP SCHEMA IF EXISTS `lacteos_db` ;

-- -----------------------------------------------------
-- Schema lacteos_db
-- -----------------------------------------------------
CREATE SCHEMA IF NOT EXISTS `lacteos_db` DEFAULT CHARACTER SET utf8 ;
USE `lacteos_db` ;

-- -----------------------------------------------------
-- Table `lacteos_db`.`familias`
-- -----------------------------------------------------
DROP TABLE IF EXISTS `lacteos_db`.`familias` ;

CREATE TABLE IF NOT EXISTS `lacteos_db`.`familias` (
  `id` INT NOT NULL,
  `codigo` VARCHAR(20) NOT NULL,
  `descripcion` VARCHAR(255) NOT NULL,
  PRIMARY KEY (`id`));


-- -----------------------------------------------------
-- Table `lacteos_db`.`grupos`
-- -----------------------------------------------------
DROP TABLE IF EXISTS `lacteos_db`.`grupos` ;

CREATE TABLE IF NOT EXISTS `lacteos_db`.`grupos` (
  `id` INT NOT NULL,
  `description` VARCHAR(255) NULL,
  `nombre` VARCHAR(255) NULL,
  `familia` INT NULL,
  PRIMARY KEY (`id`),
  INDEX `id_familia_idx` (`familia` ASC) VISIBLE,
  CONSTRAINT `familia`
    FOREIGN KEY (`familia`)
    REFERENCES `lacteos_db`.`familias` (`id`)
    ON DELETE NO ACTION
    ON UPDATE NO ACTION);


-- -----------------------------------------------------
-- Table `lacteos_db`.`unidades_medida`
-- -----------------------------------------------------
DROP TABLE IF EXISTS `lacteos_db`.`unidades_medida` ;

CREATE TABLE IF NOT EXISTS `lacteos_db`.`unidades_medida` (
  `id` INT NOT NULL AUTO_INCREMENT,
  `codigo` VARCHAR(20) NOT NULL,
  `descripcion` VARCHAR(45) NOT NULL,
  PRIMARY KEY (`id`));


-- -----------------------------------------------------
-- Table `lacteos_db`.`products`
-- -----------------------------------------------------
DROP TABLE IF EXISTS `lacteos_db`.`products` ;

CREATE TABLE IF NOT EXISTS `lacteos_db`.`products` (
  `code` VARCHAR(16) NOT NULL,
  `description` VARCHAR(46) NOT NULL,
  `precio_lista` DECIMAL(21,8) NOT NULL DEFAULT 0,
  `precio_compra` DECIMAL(21,8) NOT NULL DEFAULT 0,
  `cant_caja` INT NOT NULL DEFAULT 16,
  `content` INT NULL DEFAULT 0,
  `um` INT NULL DEFAULT 0,
  `grupo` INT NULL DEFAULT 0,
  `create_time` TIMESTAMP NULL DEFAULT CURRENT_TIMESTAMP,
  PRIMARY KEY (`code`),
  INDEX `id_um_idx` (`um` ASC) INVISIBLE,
  INDEX `id_grupo_idx` (`grupo` ASC) VISIBLE,
  CONSTRAINT `id_grupo`
    FOREIGN KEY (`grupo`)
    REFERENCES `lacteos_db`.`grupos` (`id`)
    ON DELETE NO ACTION
    ON UPDATE NO ACTION,
  CONSTRAINT `id_um`
    FOREIGN KEY (`um`)
    REFERENCES `lacteos_db`.`unidades_medida` (`id`)
    ON DELETE NO ACTION
    ON UPDATE NO ACTION);


-- -----------------------------------------------------
-- Table `lacteos_db`.`logs`
-- -----------------------------------------------------
DROP TABLE IF EXISTS `lacteos_db`.`logs` ;

CREATE TABLE IF NOT EXISTS `lacteos_db`.`logs` (
  `id` INT NOT NULL AUTO_INCREMENT,
  `create_time` TIMESTAMP NULL DEFAULT CURRENT_TIMESTAMP,
  `description` VARCHAR(45) NOT NULL,
  `table_name` VARCHAR(45) NOT NULL,
  `id_updated` VARCHAR(3) NULL,
  `old_val` VARCHAR(45) NULL,
  `new_val` VARCHAR(45) NULL,
  PRIMARY KEY (`id`));


-- -----------------------------------------------------
-- Table `lacteos_db`.`factores_conversion`
-- -----------------------------------------------------
DROP TABLE IF EXISTS `lacteos_db`.`factores_conversion` ;

CREATE TABLE IF NOT EXISTS `lacteos_db`.`factores_conversion` (
  `id` INT NOT NULL AUTO_INCREMENT,
  `description` VARCHAR(40) NOT NULL DEFAULT 0,
  `um` INT NOT NULL,
  `cantidad` DECIMAL NOT NULL DEFAULT 0,
  `um_eq` INT NOT NULL,
  PRIMARY KEY (`id`),
  CONSTRAINT `um`
    FOREIGN KEY (`id`)
    REFERENCES `lacteos_db`.`unidades_medida` (`id`)
    ON DELETE NO ACTION
    ON UPDATE NO ACTION);


-- -----------------------------------------------------
-- Table `lacteos_db`.`rutas`
-- -----------------------------------------------------
DROP TABLE IF EXISTS `lacteos_db`.`rutas` ;

CREATE TABLE IF NOT EXISTS `lacteos_db`.`rutas` (
  `no_ruta` INT NOT NULL,
  `descripcion` VARCHAR(255) NOT NULL,
  PRIMARY KEY (`no_ruta`));


-- -----------------------------------------------------
-- Table `lacteos_db`.`repartidores`
-- -----------------------------------------------------
DROP TABLE IF EXISTS `lacteos_db`.`repartidores` ;

CREATE TABLE IF NOT EXISTS `lacteos_db`.`repartidores` (
  `id` INT NOT NULL AUTO_INCREMENT,
  `nombres` VARCHAR(255) NOT NULL,
  `edad` VARCHAR(45) NULL,
  `sexo` CHAR(1) NULL,
  `ruta` INT NOT NULL,
  PRIMARY KEY (`id`, `ruta`),
  INDEX `ruta_idx` (`ruta` ASC) VISIBLE,
  CONSTRAINT `ruta`
    FOREIGN KEY (`ruta`)
    REFERENCES `lacteos_db`.`rutas` (`no_ruta`)
    ON DELETE NO ACTION
    ON UPDATE NO ACTION);


-- -----------------------------------------------------
-- Table `lacteos_db`.`operaciones`
-- -----------------------------------------------------
DROP TABLE IF EXISTS `lacteos_db`.`operaciones` ;

CREATE TABLE IF NOT EXISTS `lacteos_db`.`operaciones` (
  `id` INT NOT NULL AUTO_INCREMENT,
  `repartidor` INT NOT NULL,
  `date` DATETIME NULL DEFAULT CURRENT_TIMESTAMP,
  PRIMARY KEY (`id`),
  UNIQUE INDEX `id_UNIQUE` (`id` ASC) VISIBLE,
  CONSTRAINT `chofer`
    FOREIGN KEY (`id`)
    REFERENCES `lacteos_db`.`repartidores` (`id`)
    ON DELETE NO ACTION
    ON UPDATE NO ACTION);


-- -----------------------------------------------------
-- Table `lacteos_db`.`item_operacion`
-- -----------------------------------------------------
DROP TABLE IF EXISTS `lacteos_db`.`item_operacion` ;

CREATE TABLE IF NOT EXISTS `lacteos_db`.`item_operacion` (
  `id` INT NOT NULL,
  `codigo` VARCHAR(3) NULL,
  `descripcion` VARCHAR(45) NULL,
  `sCj` DECIMAL NULL DEFAULT 0,
  `sPz` DECIMAL NULL DEFAULT 0,
  `sTotalPz` DECIMAL NULL DEFAULT 0,
  `rCj` DECIMAL NULL DEFAULT 0,
  `rPz` DECIMAL NULL DEFAULT 0,
  `rTotalPz` DECIMAL NULL DEFAULT 0,
  `ventaPz` DECIMAL NULL DEFAULT 0,
  `saldo` DECIMAL(21,20) NULL DEFAULT 0,
  `totalLts` INT NULL DEFAULT 0,
  `operacion` INT NULL,
  INDEX `operacion` (`operacion` ASC) VISIBLE,
  PRIMARY KEY (`id`),
  INDEX `producto_idx` (`codigo` ASC) VISIBLE,
  CONSTRAINT `operacion`
    FOREIGN KEY (`operacion`)
    REFERENCES `lacteos_db`.`operaciones` (`id`)
    ON DELETE NO ACTION
    ON UPDATE NO ACTION,
  CONSTRAINT `producto`
    FOREIGN KEY (`codigo`)
    REFERENCES `lacteos_db`.`products` (`code`)
    ON DELETE NO ACTION
    ON UPDATE NO ACTION)
ENGINE = InnoDB;


SET SQL_MODE=@OLD_SQL_MODE;
SET FOREIGN_KEY_CHECKS=@OLD_FOREIGN_KEY_CHECKS;
SET UNIQUE_CHECKS=@OLD_UNIQUE_CHECKS;

-- -----------------------------------------------------
-- Data for table `lacteos_db`.`familias`
-- -----------------------------------------------------
START TRANSACTION;
USE `lacteos_db`;
INSERT INTO `lacteos_db`.`familias` (`id`, `codigo`, `descripcion`) VALUES (1, 'CARNES FRIAS ', 'CARNES FRIAS');
INSERT INTO `lacteos_db`.`familias` (`id`, `codigo`, `descripcion`) VALUES (2, 'SELLO ROJO', 'LACTEOS ');

COMMIT;


-- -----------------------------------------------------
-- Data for table `lacteos_db`.`grupos`
-- -----------------------------------------------------
START TRANSACTION;
USE `lacteos_db`;
INSERT INTO `lacteos_db`.`grupos` (`id`, `description`, `nombre`, `familia`) VALUES (3284, 'CREMAS SELLO ROJO', 'CREMAS DE SELLO ROJO', 2);
INSERT INTO `lacteos_db`.`grupos` (`id`, `description`, `nombre`, `familia`) VALUES (3291, 'CREMERIA SUZANNE', 'TRES GENERACIONES ', 1);
INSERT INTO `lacteos_db`.`grupos` (`id`, `description`, `nombre`, `familia`) VALUES (3509, 'EMBALAJE', 'CANASTILLAS Y REJAS', 2);
INSERT INTO `lacteos_db`.`grupos` (`id`, `description`, `nombre`, `familia`) VALUES (3506, 'GELATINAS ', 'GELATINAS DE AGUA Y LECHE ', 2);
INSERT INTO `lacteos_db`.`grupos` (`id`, `description`, `nombre`, `familia`) VALUES (3287, 'JUGOS BUEN FRIA', 'BEBIDAS BUEN FRIA ', 2);
INSERT INTO `lacteos_db`.`grupos` (`id`, `description`, `nombre`, `familia`) VALUES (3507, 'JUGOS NECTAR NATURAL', 'BEBIDA NATURAL ', 2);
INSERT INTO `lacteos_db`.`grupos` (`id`, `description`, `nombre`, `familia`) VALUES (3295, 'JUGOS NECTAR UP', 'NECTAR UP', 2);
INSERT INTO `lacteos_db`.`grupos` (`id`, `description`, `nombre`, `familia`) VALUES (3283, 'LECHE BIOPET', 'LECHE EN BOTELLADA', 2);
INSERT INTO `lacteos_db`.`grupos` (`id`, `description`, `nombre`, `familia`) VALUES (3297, 'LECHE BIOPET', 'LECHE BIOPET', 2);
INSERT INTO `lacteos_db`.`grupos` (`id`, `description`, `nombre`, `familia`) VALUES (3278, 'LECHE FRESCA', 'LECHE REFRIGERADA ', 2);
INSERT INTO `lacteos_db`.`grupos` (`id`, `description`, `nombre`, `familia`) VALUES (3288, 'LECHE FRESCA', 'LECHE FRESCA', 2);
INSERT INTO `lacteos_db`.`grupos` (`id`, `description`, `nombre`, `familia`) VALUES (3282, 'LECHE PRISMA', 'LECHE DE CARTON', 2);
INSERT INTO `lacteos_db`.`grupos` (`id`, `description`, `nombre`, `familia`) VALUES (3296, 'LECHE PRISMA', 'LECHE PRISMA', 2);
INSERT INTO `lacteos_db`.`grupos` (`id`, `description`, `nombre`, `familia`) VALUES (3281, 'MALTEADAS', 'MALTEADAS', 2);
INSERT INTO `lacteos_db`.`grupos` (`id`, `description`, `nombre`, `familia`) VALUES (3292, 'MALTEADAS', 'BEBIDAS BIOPET ', 2);
INSERT INTO `lacteos_db`.`grupos` (`id`, `description`, `nombre`, `familia`) VALUES (3286, 'TIKITO FRESCO', 'LECHE SABORIZADA FRESCA', 2);
INSERT INTO `lacteos_db`.`grupos` (`id`, `description`, `nombre`, `familia`) VALUES (3293, 'TIKITO UP', 'LECHE SABORIZADA UP', 2);
INSERT INTO `lacteos_db`.`grupos` (`id`, `description`, `nombre`, `familia`) VALUES (3505, 'TRES GENERACIONES ', 'QUESOS Y CREMAS TRES GENERACIONES ', 1);
INSERT INTO `lacteos_db`.`grupos` (`id`, `description`, `nombre`, `familia`) VALUES (3285, 'UHT', 'LECHE EN BOLSA', 2);
INSERT INTO `lacteos_db`.`grupos` (`id`, `description`, `nombre`, `familia`) VALUES (3280, 'YOGURT BATIDO', 'YOGURT BATIDO', 2);
INSERT INTO `lacteos_db`.`grupos` (`id`, `description`, `nombre`, `familia`) VALUES (3290, 'YOGURT BEBIBLE', 'YOGURT BEBIBLE', 2);

COMMIT;


-- -----------------------------------------------------
-- Data for table `lacteos_db`.`unidades_medida`
-- -----------------------------------------------------
START TRANSACTION;
USE `lacteos_db`;
INSERT INTO `lacteos_db`.`unidades_medida` (`id`, `codigo`, `descripcion`) VALUES (1, 'lt', 'Litro');
INSERT INTO `lacteos_db`.`unidades_medida` (`id`, `codigo`, `descripcion`) VALUES (2, 'Gal.', 'Galón');
INSERT INTO `lacteos_db`.`unidades_medida` (`id`, `codigo`, `descripcion`) VALUES (3, 'Gram.', 'Gramos');
INSERT INTO `lacteos_db`.`unidades_medida` (`id`, `codigo`, `descripcion`) VALUES (4, 'Ml', 'Mililitro');
INSERT INTO `lacteos_db`.`unidades_medida` (`id`, `codigo`, `descripcion`) VALUES (5, 'Caj.', 'Caja');
INSERT INTO `lacteos_db`.`unidades_medida` (`id`, `codigo`, `descripcion`) VALUES (6, 'Tar', 'Tarima');
INSERT INTO `lacteos_db`.`unidades_medida` (`id`, `codigo`, `descripcion`) VALUES (7, 'Kg', 'Kilogramo');
INSERT INTO `lacteos_db`.`unidades_medida` (`id`, `codigo`, `descripcion`) VALUES (8, 'Pza', 'Pieza');

COMMIT;


-- -----------------------------------------------------
-- Data for table `lacteos_db`.`products`
-- -----------------------------------------------------
START TRANSACTION;
USE `lacteos_db`;
INSERT INTO `lacteos_db`.`products` (`code`, `description`, `precio_lista`, `precio_compra`, `cant_caja`, `content`, `um`, `grupo`, `create_time`) VALUES ('360', 'ANTIGUA CRUZ DE ORO .900 ML ',  13.00000000 ,  13.00000000 , 10, 900, 4, 3285, NULL);
INSERT INTO `lacteos_db`.`products` (`code`, `description`, `precio_lista`, `precio_compra`, `cant_caja`, `content`, `um`, `grupo`, `create_time`) VALUES ('866', 'AVENA BIOPET .250 ML ',  12.00000000 ,  12.00000000 , 10, 250, 4, 3292, NULL);
INSERT INTO `lacteos_db`.`products` (`code`, `description`, `precio_lista`, `precio_compra`, `cant_caja`, `content`, `um`, `grupo`, `create_time`) VALUES ('685674-4332', 'BARRA DE CHULETA AHUMADA',  95.00000000 ,  95.00000000 , 10, 1, 8, 3291, NULL);
INSERT INTO `lacteos_db`.`products` (`code`, `description`, `precio_lista`, `precio_compra`, `cant_caja`, `content`, `um`, `grupo`, `create_time`) VALUES ('685673-4332', 'BARRA JAMON EXTRAFINO ',  98.00000000 ,  98.00000000 , 10, 1, 8, 3291, NULL);
INSERT INTO `lacteos_db`.`products` (`code`, `description`, `precio_lista`, `precio_compra`, `cant_caja`, `content`, `um`, `grupo`, `create_time`) VALUES ('685675-4332', 'BARRA JAMON VIRGINIA',  76.00000000 ,  76.00000000 , 10, 1, 8, 3291, NULL);
INSERT INTO `lacteos_db`.`products` (`code`, `description`, `precio_lista`, `precio_compra`, `cant_caja`, `content`, `um`, `grupo`, `create_time`) VALUES ('C25', 'BOLIMANTECA 1 KG',  57.00000000 ,  57.00000000 , 10, 1, 7, 3291, NULL);
INSERT INTO `lacteos_db`.`products` (`code`, `description`, `precio_lista`, `precio_compra`, `cant_caja`, `content`, `um`, `grupo`, `create_time`) VALUES ('387', 'BUEN FRIA .1800 ML  MANZANA',  15.00000000 ,  15.00000000 , 10, 1800, 4, 3287, NULL);
INSERT INTO `lacteos_db`.`products` (`code`, `description`, `precio_lista`, `precio_compra`, `cant_caja`, `content`, `um`, `grupo`, `create_time`) VALUES ('343', 'BUEN FRIA .1800 ML NARANJA',  15.00000000 ,  15.00000000 , 10, 1800, 4, 3287, NULL);
INSERT INTO `lacteos_db`.`products` (`code`, `description`, `precio_lista`, `precio_compra`, `cant_caja`, `content`, `um`, `grupo`, `create_time`) VALUES ('415', 'BUEN FRIA .1800 ML UVA',  15.00000000 ,  15.00000000 , 10, 1800, 4, 3287, NULL);
INSERT INTO `lacteos_db`.`products` (`code`, `description`, `precio_lista`, `precio_compra`, `cant_caja`, `content`, `um`, `grupo`, `create_time`) VALUES ('860', 'BUEN FRIA .500 ML MANZANA',  7.00000000 ,  7.00000000 , 10, 500, 4, 3287, NULL);
INSERT INTO `lacteos_db`.`products` (`code`, `description`, `precio_lista`, `precio_compra`, `cant_caja`, `content`, `um`, `grupo`, `create_time`) VALUES ('65', 'BUEN FRIA .500 ML NARANJA',  7.00000000 ,  7.00000000 , 10, 500, 4, 3287, NULL);
INSERT INTO `lacteos_db`.`products` (`code`, `description`, `precio_lista`, `precio_compra`, `cant_caja`, `content`, `um`, `grupo`, `create_time`) VALUES ('859', 'BUEN FRIA .500 ML UVA',  7.00000000 ,  7.00000000 , 10, 500, 4, 3287, NULL);
INSERT INTO `lacteos_db`.`products` (`code`, `description`, `precio_lista`, `precio_compra`, `cant_caja`, `content`, `um`, `grupo`, `create_time`) VALUES ('333', 'BUEN FRIA 1 LT MANZANA',  10.00000000 ,  10.00000000 , 10, 1, 1, 3287, NULL);
INSERT INTO `lacteos_db`.`products` (`code`, `description`, `precio_lista`, `precio_compra`, `cant_caja`, `content`, `um`, `grupo`, `create_time`) VALUES ('56', 'BUEN FRIA 1 LT NARANJA',  10.00000000 ,  10.00000000 , 10, 1, 1, 3287, NULL);
INSERT INTO `lacteos_db`.`products` (`code`, `description`, `precio_lista`, `precio_compra`, `cant_caja`, `content`, `um`, `grupo`, `create_time`) VALUES ('132', 'BUEN FRIA 1 LT UVA',  10.00000000 ,  10.00000000 , 10, 1, 1, 3287, NULL);
INSERT INTO `lacteos_db`.`products` (`code`, `description`, `precio_lista`, `precio_compra`, `cant_caja`, `content`, `um`, `grupo`, `create_time`) VALUES ('862', 'BUEN FRIA GL MANZANA',  28.00000000 ,  28.00000000 , 10, 1, 2, 3287, NULL);
INSERT INTO `lacteos_db`.`products` (`code`, `description`, `precio_lista`, `precio_compra`, `cant_caja`, `content`, `um`, `grupo`, `create_time`) VALUES ('58', 'BUEN FRIA GL NARANJA',  28.00000000 ,  28.00000000 , 10, 1, 2, 3287, NULL);
INSERT INTO `lacteos_db`.`products` (`code`, `description`, `precio_lista`, `precio_compra`, `cant_caja`, `content`, `um`, `grupo`, `create_time`) VALUES ('861', 'BUEN FRIA GL UVA',  28.00000000 ,  28.00000000 , 10, 1, 2, 3287, NULL);
INSERT INTO `lacteos_db`.`products` (`code`, `description`, `precio_lista`, `precio_compra`, `cant_caja`, `content`, `um`, `grupo`, `create_time`) VALUES ('833', 'CAFÉ LECHERO 1LT',  30.00000000 ,  30.00000000 , 10, 1, 1, 3292, NULL);
INSERT INTO `lacteos_db`.`products` (`code`, `description`, `precio_lista`, `precio_compra`, `cant_caja`, `content`, `um`, `grupo`, `create_time`) VALUES ('693', 'CAFÉ LECHERO 250 ML',  15.00000000 ,  15.00000000 , 10, 1, 4, 3292, NULL);
INSERT INTO `lacteos_db`.`products` (`code`, `description`, `precio_lista`, `precio_compra`, `cant_caja`, `content`, `um`, `grupo`, `create_time`) VALUES ('685661-4332', 'CANASTILLA SELLO ROJO',  0.10000000 ,  0.10000000 , 10, 1, 8, 3509, NULL);
INSERT INTO `lacteos_db`.`products` (`code`, `description`, `precio_lista`, `precio_compra`, `cant_caja`, `content`, `um`, `grupo`, `create_time`) VALUES ('C12', 'CHORIZO EXTRAFINO .500 GRS',  47.00000000 ,  47.00000000 , 10, 500, 3, 3291, NULL);
INSERT INTO `lacteos_db`.`products` (`code`, `description`, `precio_lista`, `precio_compra`, `cant_caja`, `content`, `um`, `grupo`, `create_time`) VALUES ('C10', 'CHULETA .500 GRS',  50.00000000 ,  50.00000000 , 10, 500, 3, 3291, NULL);
INSERT INTO `lacteos_db`.`products` (`code`, `description`, `precio_lista`, `precio_compra`, `cant_caja`, `content`, `um`, `grupo`, `create_time`) VALUES ('C27', 'CHULETA 1 KG',  95.00000000 ,  95.00000000 , 10, 1, 7, 3291, NULL);
INSERT INTO `lacteos_db`.`products` (`code`, `description`, `precio_lista`, `precio_compra`, `cant_caja`, `content`, `um`, `grupo`, `create_time`) VALUES ('C41', 'CREMA .200 GRS TRES GENERACIONES',  11.50000000 ,  11.50000000 , 10, 200, 3, 3505, NULL);
INSERT INTO `lacteos_db`.`products` (`code`, `description`, `precio_lista`, `precio_compra`, `cant_caja`, `content`, `um`, `grupo`, `create_time`) VALUES ('683', 'CREMA 1 KG ACIDA',  57.00000000 ,  57.00000000 , 10, 1, 7, 3284, NULL);
INSERT INTO `lacteos_db`.`products` (`code`, `description`, `precio_lista`, `precio_compra`, `cant_caja`, `content`, `um`, `grupo`, `create_time`) VALUES ('C40', 'CREMA 1 KG TRES GENERACIONES',  37.00000000 ,  37.00000000 , 10, 1, 7, 3505, NULL);
INSERT INTO `lacteos_db`.`products` (`code`, `description`, `precio_lista`, `precio_compra`, `cant_caja`, `content`, `um`, `grupo`, `create_time`) VALUES ('687', 'CREMA 1KG PAST.',  57.00000000 ,  57.00000000 , 10, 1, 7, 3284, NULL);
INSERT INTO `lacteos_db`.`products` (`code`, `description`, `precio_lista`, `precio_compra`, `cant_caja`, `content`, `um`, `grupo`, `create_time`) VALUES ('267', 'CREMA 220 ACIDA',  14.50000000 ,  14.50000000 , 10, 1, 3, 3284, NULL);
INSERT INTO `lacteos_db`.`products` (`code`, `description`, `precio_lista`, `precio_compra`, `cant_caja`, `content`, `um`, `grupo`, `create_time`) VALUES ('260', 'CREMA 220 PAST.',  14.50000000 ,  14.50000000 , 10, 1, 3, 3284, NULL);
INSERT INTO `lacteos_db`.`products` (`code`, `description`, `precio_lista`, `precio_compra`, `cant_caja`, `content`, `um`, `grupo`, `create_time`) VALUES ('291', 'CREMA 450 ACIDA',  30.00000000 ,  30.00000000 , 10, 1, 3, 3284, NULL);
INSERT INTO `lacteos_db`.`products` (`code`, `description`, `precio_lista`, `precio_compra`, `cant_caja`, `content`, `um`, `grupo`, `create_time`) VALUES ('155', 'CREMA 450 PAST.',  30.00000000 ,  30.00000000 , 10, 1, 3, 3284, NULL);
INSERT INTO `lacteos_db`.`products` (`code`, `description`, `precio_lista`, `precio_compra`, `cant_caja`, `content`, `um`, `grupo`, `create_time`) VALUES ('218', 'CUB YOGHURT DURAZNO 4 KGS',  127.00000000 ,  127.00000000 , 10, 1, 7, 3280, NULL);
INSERT INTO `lacteos_db`.`products` (`code`, `description`, `precio_lista`, `precio_compra`, `cant_caja`, `content`, `um`, `grupo`, `create_time`) VALUES ('217', 'CUB YOGHURT FRESA 4 KGS',  127.00000000 ,  127.00000000 , 10, 1, 7, 3280, NULL);
INSERT INTO `lacteos_db`.`products` (`code`, `description`, `precio_lista`, `precio_compra`, `cant_caja`, `content`, `um`, `grupo`, `create_time`) VALUES ('221', 'CUB YOGHURT NATURAL 4 KGS',  127.00000000 ,  127.00000000 , 10, 1, 7, 3280, NULL);
INSERT INTO `lacteos_db`.`products` (`code`, `description`, `precio_lista`, `precio_compra`, `cant_caja`, `content`, `um`, `grupo`, `create_time`) VALUES ('220', 'CUB YOGHURT NUEZ 4 KGS',  127.00000000 ,  127.00000000 , 10, 1, 7, 3280, NULL);
INSERT INTO `lacteos_db`.`products` (`code`, `description`, `precio_lista`, `precio_compra`, `cant_caja`, `content`, `um`, `grupo`, `create_time`) VALUES ('219', 'CUB YOGHURT PIÑA COCO 4 KGS',  127.00000000 ,  127.00000000 , 10, 1, 7, 3280, NULL);
INSERT INTO `lacteos_db`.`products` (`code`, `description`, `precio_lista`, `precio_compra`, `cant_caja`, `content`, `um`, `grupo`, `create_time`) VALUES ('347', 'CUBETA CREMA ACIDIFICADA 4 KGS ',  228.00000000 ,  228.00000000 , 10, 1, 7, 3284, NULL);
INSERT INTO `lacteos_db`.`products` (`code`, `description`, `precio_lista`, `precio_compra`, `cant_caja`, `content`, `um`, `grupo`, `create_time`) VALUES ('244', 'CUBETA CREMA CRUDA 4 KGS ',  228.00000000 ,  228.00000000 , 10, 1, 7, 3284, NULL);
INSERT INTO `lacteos_db`.`products` (`code`, `description`, `precio_lista`, `precio_compra`, `cant_caja`, `content`, `um`, `grupo`, `create_time`) VALUES ('873', 'DELAC. SEMI UP PRISMA 1 LT ',  26.00000000 ,  26.00000000 , 10, 1, 1, 3282, NULL);
INSERT INTO `lacteos_db`.`products` (`code`, `description`, `precio_lista`, `precio_compra`, `cant_caja`, `content`, `um`, `grupo`, `create_time`) VALUES ('522', 'DELICRECE BOLSA .900 ML ',  15.00000000 ,  15.00000000 , 10, 900, 4, 3285, NULL);
INSERT INTO `lacteos_db`.`products` (`code`, `description`, `precio_lista`, `precio_compra`, `cant_caja`, `content`, `um`, `grupo`, `create_time`) VALUES ('686', 'DELIGHURT 1KG DURAZNO',  35.00000000 ,  35.00000000 , 10, 1, 7, 3280, NULL);
INSERT INTO `lacteos_db`.`products` (`code`, `description`, `precio_lista`, `precio_compra`, `cant_caja`, `content`, `um`, `grupo`, `create_time`) VALUES ('685', 'DELIGHURT 1KG FRESA',  35.00000000 ,  35.00000000 , 10, 1, 7, 3280, NULL);
INSERT INTO `lacteos_db`.`products` (`code`, `description`, `precio_lista`, `precio_compra`, `cant_caja`, `content`, `um`, `grupo`, `create_time`) VALUES ('690', 'DELIGHURT 1KG NATURAL',  38.00000000 ,  38.00000000 , 10, 1, 7, 3280, NULL);
INSERT INTO `lacteos_db`.`products` (`code`, `description`, `precio_lista`, `precio_compra`, `cant_caja`, `content`, `um`, `grupo`, `create_time`) VALUES ('691', 'DELIGHURT 1KG NATURAL ENDULZADO CON SPLENDA',  42.00000000 ,  42.00000000 , 10, 1, 7, 3280, NULL);
INSERT INTO `lacteos_db`.`products` (`code`, `description`, `precio_lista`, `precio_compra`, `cant_caja`, `content`, `um`, `grupo`, `create_time`) VALUES ('689', 'DELIGHURT 1KG NUEZ',  35.00000000 ,  35.00000000 , 10, 1, 7, 3280, NULL);
INSERT INTO `lacteos_db`.`products` (`code`, `description`, `precio_lista`, `precio_compra`, `cant_caja`, `content`, `um`, `grupo`, `create_time`) VALUES ('688', 'DELIGHURT 1KG PIÑA COCO',  35.00000000 ,  35.00000000 , 10, 1, 7, 3280, NULL);
INSERT INTO `lacteos_db`.`products` (`code`, `description`, `precio_lista`, `precio_compra`, `cant_caja`, `content`, `um`, `grupo`, `create_time`) VALUES ('640', 'DELIGHURT 220 GRS  FRESA',  13.50000000 ,  13.50000000 , 10, 220, 3, 3280, NULL);
INSERT INTO `lacteos_db`.`products` (`code`, `description`, `precio_lista`, `precio_compra`, `cant_caja`, `content`, `um`, `grupo`, `create_time`) VALUES ('653', 'DELIGHURT 220 GRS DURAZNO',  13.50000000 ,  13.50000000 , 10, 220, 3, 3280, NULL);
INSERT INTO `lacteos_db`.`products` (`code`, `description`, `precio_lista`, `precio_compra`, `cant_caja`, `content`, `um`, `grupo`, `create_time`) VALUES ('656', 'DELIGHURT 220 GRS NUEZ',  13.50000000 ,  13.50000000 , 10, 220, 3, 3280, NULL);
INSERT INTO `lacteos_db`.`products` (`code`, `description`, `precio_lista`, `precio_compra`, `cant_caja`, `content`, `um`, `grupo`, `create_time`) VALUES ('655', 'DELIGHURT 220 GRS PIÑA COCO',  13.50000000 ,  13.50000000 , 10, 220, 3, 3280, NULL);
INSERT INTO `lacteos_db`.`products` (`code`, `description`, `precio_lista`, `precio_compra`, `cant_caja`, `content`, `um`, `grupo`, `create_time`) VALUES ('870', 'DESLAC. LIGHT UP PRISMA 1 LT ',  26.00000000 ,  26.00000000 , 10, 1, 1, 3282, NULL);
INSERT INTO `lacteos_db`.`products` (`code`, `description`, `precio_lista`, `precio_compra`, `cant_caja`, `content`, `um`, `grupo`, `create_time`) VALUES ('270', 'GELATINA AGUA FRESA',  7.00000000 ,  7.00000000 , 10, 1, 3, 3506, NULL);
INSERT INTO `lacteos_db`.`products` (`code`, `description`, `precio_lista`, `precio_compra`, `cant_caja`, `content`, `um`, `grupo`, `create_time`) VALUES ('271', 'GELATINA AGUA LIMON',  7.00000000 ,  7.00000000 , 10, 1, 3, 3506, NULL);
INSERT INTO `lacteos_db`.`products` (`code`, `description`, `precio_lista`, `precio_compra`, `cant_caja`, `content`, `um`, `grupo`, `create_time`) VALUES ('272', 'GELATINA AGUA NARANJA',  7.00000000 ,  7.00000000 , 10, 1, 3, 3506, NULL);
INSERT INTO `lacteos_db`.`products` (`code`, `description`, `precio_lista`, `precio_compra`, `cant_caja`, `content`, `um`, `grupo`, `create_time`) VALUES ('383', 'GELATINA LECHE CHOCOLATE',  7.00000000 ,  7.00000000 , 10, 1, 3, 3506, NULL);
INSERT INTO `lacteos_db`.`products` (`code`, `description`, `precio_lista`, `precio_compra`, `cant_caja`, `content`, `um`, `grupo`, `create_time`) VALUES ('384', 'GELATINA LECHE FRESA',  7.00000000 ,  7.00000000 , 10, 1, 3, 3506, NULL);
INSERT INTO `lacteos_db`.`products` (`code`, `description`, `precio_lista`, `precio_compra`, `cant_caja`, `content`, `um`, `grupo`, `create_time`) VALUES ('385', 'GELATINA LECHE VAINILLA',  7.00000000 ,  7.00000000 , 10, 1, 3, 3506, NULL);
INSERT INTO `lacteos_db`.`products` (`code`, `description`, `precio_lista`, `precio_compra`, `cant_caja`, `content`, `um`, `grupo`, `create_time`) VALUES ('C28', 'JAMON ARO PAV RIK 1 KG',  70.00000000 ,  70.00000000 , 10, 1, 7, 3291, NULL);
INSERT INTO `lacteos_db`.`products` (`code`, `description`, `precio_lista`, `precio_compra`, `cant_caja`, `content`, `um`, `grupo`, `create_time`) VALUES ('C2', 'JAMON EXTRAFINO .250 GRS',  29.00000000 ,  29.00000000 , 10, 250, 3, 3291, NULL);
INSERT INTO `lacteos_db`.`products` (`code`, `description`, `precio_lista`, `precio_compra`, `cant_caja`, `content`, `um`, `grupo`, `create_time`) VALUES ('C1', 'JAMON EXTRAFINO 1 KG',  102.00000000 ,  102.00000000 , 10, 1, 7, 3291, NULL);
INSERT INTO `lacteos_db`.`products` (`code`, `description`, `precio_lista`, `precio_compra`, `cant_caja`, `content`, `um`, `grupo`, `create_time`) VALUES ('C9', 'JAMON LUNCH .250 GRS',  23.00000000 ,  23.00000000 , 10, 250, 3, 3291, NULL);
INSERT INTO `lacteos_db`.`products` (`code`, `description`, `precio_lista`, `precio_compra`, `cant_caja`, `content`, `um`, `grupo`, `create_time`) VALUES ('C8', 'JAMON LUNCH 1 KG',  72.00000000 ,  72.00000000 , 10, 1, 7, 3291, NULL);
INSERT INTO `lacteos_db`.`products` (`code`, `description`, `precio_lista`, `precio_compra`, `cant_caja`, `content`, `um`, `grupo`, `create_time`) VALUES ('C7', 'JAMON VIRGINIA .250 GRS',  25.00000000 ,  25.00000000 , 10, 250, 3, 3291, NULL);
INSERT INTO `lacteos_db`.`products` (`code`, `description`, `precio_lista`, `precio_compra`, `cant_caja`, `content`, `um`, `grupo`, `create_time`) VALUES ('C6', 'JAMON VIRGINIA 1 KG',  79.00000000 ,  79.00000000 , 10, 1, 7, 3291, NULL);
INSERT INTO `lacteos_db`.`products` (`code`, `description`, `precio_lista`, `precio_compra`, `cant_caja`, `content`, `um`, `grupo`, `create_time`) VALUES ('868', 'LECHE  UP SEMI PRISMA 1 LT',  24.50000000 ,  24.50000000 , 10, 1, 1, 3282, NULL);
INSERT INTO `lacteos_db`.`products` (`code`, `description`, `precio_lista`, `precio_compra`, `cant_caja`, `content`, `um`, `grupo`, `create_time`) VALUES ('830', 'LECHE BIOPET 3% .250 ML',  10.50000000 ,  10.50000000 , 10, 250, 4, 3283, NULL);
INSERT INTO `lacteos_db`.`products` (`code`, `description`, `precio_lista`, `precio_compra`, `cant_caja`, `content`, `um`, `grupo`, `create_time`) VALUES ('857', 'LECHE BIOPET DESLAC. LIGHT  1 LT ',  26.00000000 ,  26.00000000 , 10, 1, 1, 3283, NULL);
INSERT INTO `lacteos_db`.`products` (`code`, `description`, `precio_lista`, `precio_compra`, `cant_caja`, `content`, `um`, `grupo`, `create_time`) VALUES ('851', 'LECHE BIOPET ENTERA  1 LT ',  25.00000000 ,  25.00000000 , 10, 1, 1, 3283, NULL);
INSERT INTO `lacteos_db`.`products` (`code`, `description`, `precio_lista`, `precio_compra`, `cant_caja`, `content`, `um`, `grupo`, `create_time`) VALUES ('853', 'LECHE BIOPET LIGHT  1 LT ',  25.00000000 ,  25.00000000 , 10, 1, 1, 3283, NULL);
INSERT INTO `lacteos_db`.`products` (`code`, `description`, `precio_lista`, `precio_compra`, `cant_caja`, `content`, `um`, `grupo`, `create_time`) VALUES ('735', 'LECHE DESLAC 1% UHT .900 ML ',  19.00000000 ,  19.00000000 , 10, 900 , 4, 3285, NULL);
INSERT INTO `lacteos_db`.`products` (`code`, `description`, `precio_lista`, `precio_compra`, `cant_caja`, `content`, `um`, `grupo`, `create_time`) VALUES ('750', 'LECHE ENTERA UHT BOLSA  .900 ML ',  17.50000000 ,  17.50000000 , 10, 900, 4, 3285, NULL);
INSERT INTO `lacteos_db`.`products` (`code`, `description`, `precio_lista`, `precio_compra`, `cant_caja`, `content`, `um`, `grupo`, `create_time`) VALUES ('890', 'LECHE EVAPORADA  1 LT',  41.00000000 ,  41.00000000 , 10, 1, 1, 3282, NULL);
INSERT INTO `lacteos_db`.`products` (`code`, `description`, `precio_lista`, `precio_compra`, `cant_caja`, `content`, `um`, `grupo`, `create_time`) VALUES ('187', 'LECHE EVAPORADA .250 ML',  13.00000000 ,  13.00000000 , 10, 250, 4, 3282, NULL);
INSERT INTO `lacteos_db`.`products` (`code`, `description`, `precio_lista`, `precio_compra`, `cant_caja`, `content`, `um`, `grupo`, `create_time`) VALUES ('179', 'LECHE PAST. DESLACTOSADA .1800 ML ',  37.50000000 ,  37.50000000 , 10, 1800, 4, 3278, NULL);
INSERT INTO `lacteos_db`.`products` (`code`, `description`, `precio_lista`, `precio_compra`, `cant_caja`, `content`, `um`, `grupo`, `create_time`) VALUES ('80', 'LECHE PAST. ENTERA .1800 ML ',  36.50000000 ,  36.50000000 , 10, 1800, 4, 3278, NULL);
INSERT INTO `lacteos_db`.`products` (`code`, `description`, `precio_lista`, `precio_compra`, `cant_caja`, `content`, `um`, `grupo`, `create_time`) VALUES ('180', 'LECHE PAST. ENTERA .1800 ML MUY BUENA',  34.00000000 ,  34.00000000 , 10, 1800, 4, 3278, NULL);
INSERT INTO `lacteos_db`.`products` (`code`, `description`, `precio_lista`, `precio_compra`, `cant_caja`, `content`, `um`, `grupo`, `create_time`) VALUES ('25', 'LECHE PAST. ENTERA .250 ML',  9.00000000 ,  9.00000000 , 10, 250, 4, 3278, NULL);
INSERT INTO `lacteos_db`.`products` (`code`, `description`, `precio_lista`, `precio_compra`, `cant_caja`, `content`, `um`, `grupo`, `create_time`) VALUES ('26', 'LECHE PAST. ENTERA .500 ML',  12.50000000 ,  12.50000000 , 10, 500, 4, 3278, NULL);
INSERT INTO `lacteos_db`.`products` (`code`, `description`, `precio_lista`, `precio_compra`, `cant_caja`, `content`, `um`, `grupo`, `create_time`) VALUES ('37', 'LECHE PAST. ENTERA 1 GALON',  71.50000000 ,  71.50000000 , 10, 1, 2, 3278, NULL);
INSERT INTO `lacteos_db`.`products` (`code`, `description`, `precio_lista`, `precio_compra`, `cant_caja`, `content`, `um`, `grupo`, `create_time`) VALUES ('6', 'LECHE PAST. ENTERA 1 LT',  22.50000000 ,  22.50000000 , 10, 1, 1, 3278, NULL);
INSERT INTO `lacteos_db`.`products` (`code`, `description`, `precio_lista`, `precio_compra`, `cant_caja`, `content`, `um`, `grupo`, `create_time`) VALUES ('354', 'LECHE PAST. ENTERA 1 LT MUY BUENA',  21.00000000 ,  21.00000000 , 10, 1, 1, 3278, NULL);
INSERT INTO `lacteos_db`.`products` (`code`, `description`, `precio_lista`, `precio_compra`, `cant_caja`, `content`, `um`, `grupo`, `create_time`) VALUES ('82', 'LECHE PAST. LIGHT .1800 ML ',  36.50000000 ,  36.50000000 , 10, 1800, 4, 3278, NULL);
INSERT INTO `lacteos_db`.`products` (`code`, `description`, `precio_lista`, `precio_compra`, `cant_caja`, `content`, `um`, `grupo`, `create_time`) VALUES ('149', 'LECHE PAST. LIGHT 1 LT',  22.50000000 ,  22.50000000 , 10, 1, 1, 3278, NULL);
INSERT INTO `lacteos_db`.`products` (`code`, `description`, `precio_lista`, `precio_compra`, `cant_caja`, `content`, `um`, `grupo`, `create_time`) VALUES ('869', 'LECHE UP ENTERA PRISMA 1 LT',  24.50000000 ,  24.50000000 , 10, 1, 1, 3282, NULL);
INSERT INTO `lacteos_db`.`products` (`code`, `description`, `precio_lista`, `precio_compra`, `cant_caja`, `content`, `um`, `grupo`, `create_time`) VALUES ('871', 'LECHE UP LIGHT PRISMA 1 LT',  24.50000000 ,  24.50000000 , 10, 1, 1, 3282, NULL);
INSERT INTO `lacteos_db`.`products` (`code`, `description`, `precio_lista`, `precio_compra`, `cant_caja`, `content`, `um`, `grupo`, `create_time`) VALUES ('543', 'LECHERITO DURAZNO .120 ML',  5.00000000 ,  5.00000000 , 10, 120, 4, 3290, NULL);
INSERT INTO `lacteos_db`.`products` (`code`, `description`, `precio_lista`, `precio_compra`, `cant_caja`, `content`, `um`, `grupo`, `create_time`) VALUES ('541', 'LECHERITO FRESA .120 ML',  5.00000000 ,  5.00000000 , 10, 120, 4, 3290, NULL);
INSERT INTO `lacteos_db`.`products` (`code`, `description`, `precio_lista`, `precio_compra`, `cant_caja`, `content`, `um`, `grupo`, `create_time`) VALUES ('542', 'LECHERITO PIÑA .120 ML',  5.00000000 ,  5.00000000 , 10, 120, 4, 3290, NULL);
INSERT INTO `lacteos_db`.`products` (`code`, `description`, `precio_lista`, `precio_compra`, `cant_caja`, `content`, `um`, `grupo`, `create_time`) VALUES ('83', 'LICUADO FRESA .250 GRS ',  12.00000000 ,  12.00000000 , 10, 250, 3, 3290, NULL);
INSERT INTO `lacteos_db`.`products` (`code`, `description`, `precio_lista`, `precio_compra`, `cant_caja`, `content`, `um`, `grupo`, `create_time`) VALUES ('86', 'LICUADO FRUTAS TROPICALES .250 GRS ',  12.00000000 ,  12.00000000 , 10, 250, 3, 3290, NULL);
INSERT INTO `lacteos_db`.`products` (`code`, `description`, `precio_lista`, `precio_compra`, `cant_caja`, `content`, `um`, `grupo`, `create_time`) VALUES ('84', 'LICUADO MANZANA .250 GRS ',  12.00000000 ,  12.00000000 , 10, 250, 3, 3290, NULL);
INSERT INTO `lacteos_db`.`products` (`code`, `description`, `precio_lista`, `precio_compra`, `cant_caja`, `content`, `um`, `grupo`, `create_time`) VALUES ('85', 'LICUADO NUEZ .250 GRS ',  12.00000000 ,  12.00000000 , 10, 250, 3, 3290, NULL);
INSERT INTO `lacteos_db`.`products` (`code`, `description`, `precio_lista`, `precio_compra`, `cant_caja`, `content`, `um`, `grupo`, `create_time`) VALUES ('C24', 'MANTECA CUBETA CHICA 3.5KG ',  235.00000000 ,  235.00000000 , 10, 3.5, 7, 3291, NULL);
INSERT INTO `lacteos_db`.`products` (`code`, `description`, `precio_lista`, `precio_compra`, `cant_caja`, `content`, `um`, `grupo`, `create_time`) VALUES ('C23', 'MANTECA CUBETA GRANDE 18.2 KG',  039.00000000 ,  039.00000000 , 10, 1, 7, 3291, NULL);
INSERT INTO `lacteos_db`.`products` (`code`, `description`, `precio_lista`, `precio_compra`, `cant_caja`, `content`, `um`, `grupo`, `create_time`) VALUES ('C43', 'MANTECA DE BOLSA 10 KG ',  560.00000000 ,  560.00000000 , 10, 1, 7, 3291, NULL);
INSERT INTO `lacteos_db`.`products` (`code`, `description`, `precio_lista`, `precio_compra`, `cant_caja`, `content`, `um`, `grupo`, `create_time`) VALUES ('C44', 'MANTEQUILLA 1 KG DAISY ',  120.00000000 ,  120.00000000 , 10, 1, 7, 3291, NULL);
INSERT INTO `lacteos_db`.`products` (`code`, `description`, `precio_lista`, `precio_compra`, `cant_caja`, `content`, `um`, `grupo`, `create_time`) VALUES ('C45', 'MARGARINA DAISY 1 KG ',  75.00000000 ,  75.00000000 , 10, 1, 7, 3291, NULL);
INSERT INTO `lacteos_db`.`products` (`code`, `description`, `precio_lista`, `precio_compra`, `cant_caja`, `content`, `um`, `grupo`, `create_time`) VALUES ('C14', 'MARGARINA S/ SAL .90 GRS ALPINO',  11.00000000 ,  11.00000000 , 10, 90, 3, 3291, NULL);
INSERT INTO `lacteos_db`.`products` (`code`, `description`, `precio_lista`, `precio_compra`, `cant_caja`, `content`, `um`, `grupo`, `create_time`) VALUES ('194', 'MEDIA CREMA .250 ML',  13.50000000 ,  13.50000000 , 10, 250, 4, 3282, NULL);
INSERT INTO `lacteos_db`.`products` (`code`, `description`, `precio_lista`, `precio_compra`, `cant_caja`, `content`, `um`, `grupo`, `create_time`) VALUES ('580', 'MEDIA CREMA 1 LT.',  44.00000000 ,  44.00000000 , 10, 1, 1, 3282, NULL);
INSERT INTO `lacteos_db`.`products` (`code`, `description`, `precio_lista`, `precio_compra`, `cant_caja`, `content`, `um`, `grupo`, `create_time`) VALUES ('614', 'NECTAR NAT. GUAYABA .500 ML ',  11.00000000 ,  11.00000000 , 10, 500, 4, 3507, NULL);
INSERT INTO `lacteos_db`.`products` (`code`, `description`, `precio_lista`, `precio_compra`, `cant_caja`, `content`, `um`, `grupo`, `create_time`) VALUES ('204', 'NECTAR NAT. GUAYABA 1LT',  17.00000000 ,  17.00000000 , 10, 1, 1, 3507, NULL);
INSERT INTO `lacteos_db`.`products` (`code`, `description`, `precio_lista`, `precio_compra`, `cant_caja`, `content`, `um`, `grupo`, `create_time`) VALUES ('282', 'NECTAR NAT. JAMAICA .500 ML',  11.00000000 ,  11.00000000 , 10, 500, 4, 3507, NULL);
INSERT INTO `lacteos_db`.`products` (`code`, `description`, `precio_lista`, `precio_compra`, `cant_caja`, `content`, `um`, `grupo`, `create_time`) VALUES ('53', 'NECTAR NAT. MANZANA .500 ML ',  11.00000000 ,  11.00000000 , 10, 500, 4, 3507, NULL);
INSERT INTO `lacteos_db`.`products` (`code`, `description`, `precio_lista`, `precio_compra`, `cant_caja`, `content`, `um`, `grupo`, `create_time`) VALUES ('605', 'NECTAR NAT. NARA GALON',  58.00000000 ,  58.00000000 , 10, 1, 2, 3507, NULL);
INSERT INTO `lacteos_db`.`products` (`code`, `description`, `precio_lista`, `precio_compra`, `cant_caja`, `content`, `um`, `grupo`, `create_time`) VALUES ('612', 'NECTAR NAT. NARANJA .500 ML ',  11.00000000 ,  11.00000000 , 10, 500, 4, 3507, NULL);
INSERT INTO `lacteos_db`.`products` (`code`, `description`, `precio_lista`, `precio_compra`, `cant_caja`, `content`, `um`, `grupo`, `create_time`) VALUES ('613', 'NECTAR NAT. PIÑA .500 ML ',  11.00000000 ,  11.00000000 , 10, 500, 4, 3507, NULL);
INSERT INTO `lacteos_db`.`products` (`code`, `description`, `precio_lista`, `precio_compra`, `cant_caja`, `content`, `um`, `grupo`, `create_time`) VALUES ('266', 'NECTAR NAT. TAMARIN . 500 ML ',  11.00000000 ,  11.00000000 , 10,  500, 4, 3507, NULL);
INSERT INTO `lacteos_db`.`products` (`code`, `description`, `precio_lista`, `precio_compra`, `cant_caja`, `content`, `um`, `grupo`, `create_time`) VALUES ('297', 'NECTAR NAT. TAMARINDO 1LT',  17.00000000 ,  17.00000000 , 10, 1, 1, 3507, NULL);
INSERT INTO `lacteos_db`.`products` (`code`, `description`, `precio_lista`, `precio_compra`, `cant_caja`, `content`, `um`, `grupo`, `create_time`) VALUES ('55', 'NECTAR NAT. UVA .500 ML ',  11.00000000 ,  11.00000000 , 10, 500, 4, 3507, NULL);
INSERT INTO `lacteos_db`.`products` (`code`, `description`, `precio_lista`, `precio_compra`, `cant_caja`, `content`, `um`, `grupo`, `create_time`) VALUES ('290', 'NECTAR NAT.JAMAICA 1LT',  17.00000000 ,  17.00000000 , 10, 1, 1, 3507, NULL);
INSERT INTO `lacteos_db`.`products` (`code`, `description`, `precio_lista`, `precio_compra`, `cant_caja`, `content`, `um`, `grupo`, `create_time`) VALUES ('207', 'NECTAR NAT.MANGO .500 ML ',  11.00000000 ,  11.00000000 , 10, 500, 4, 3507, NULL);
INSERT INTO `lacteos_db`.`products` (`code`, `description`, `precio_lista`, `precio_compra`, `cant_caja`, `content`, `um`, `grupo`, `create_time`) VALUES ('206', 'NECTAR NAT.MANGO 1LT',  17.00000000 ,  17.00000000 , 10, 1, 1, 3507, NULL);
INSERT INTO `lacteos_db`.`products` (`code`, `description`, `precio_lista`, `precio_compra`, `cant_caja`, `content`, `um`, `grupo`, `create_time`) VALUES ('131', 'NECTAR NAT.PINA 1LT',  17.00000000 ,  17.00000000 , 10, 1, 1, 3507, NULL);
INSERT INTO `lacteos_db`.`products` (`code`, `description`, `precio_lista`, `precio_compra`, `cant_caja`, `content`, `um`, `grupo`, `create_time`) VALUES ('609', 'NECTAR NATNARANJA 1 LT',  17.00000000 ,  17.00000000 , 10, 1, 1, 3507, NULL);
INSERT INTO `lacteos_db`.`products` (`code`, `description`, `precio_lista`, `precio_compra`, `cant_caja`, `content`, `um`, `grupo`, `create_time`) VALUES ('12', 'NECTAR UP DURAZNO 250 ML',  7.00000000 ,  7.00000000 , 10, 250, 4, 3295, NULL);
INSERT INTO `lacteos_db`.`products` (`code`, `description`, `precio_lista`, `precio_compra`, `cant_caja`, `content`, `um`, `grupo`, `create_time`) VALUES ('173', 'NECTAR UP GUAYABA 250 ML ',  7.00000000 ,  7.00000000 , 10, 250, 4, 3295, NULL);
INSERT INTO `lacteos_db`.`products` (`code`, `description`, `precio_lista`, `precio_compra`, `cant_caja`, `content`, `um`, `grupo`, `create_time`) VALUES ('101', 'NECTAR UP MAGO 250 ML',  7.00000000 ,  7.00000000 , 10, 250, 4, 3295, NULL);
INSERT INTO `lacteos_db`.`products` (`code`, `description`, `precio_lista`, `precio_compra`, `cant_caja`, `content`, `um`, `grupo`, `create_time`) VALUES ('9', 'NECTAR UP MANZA 250 ML',  7.00000000 ,  7.00000000 , 10, 250, 4, 3295, NULL);
INSERT INTO `lacteos_db`.`products` (`code`, `description`, `precio_lista`, `precio_compra`, `cant_caja`, `content`, `um`, `grupo`, `create_time`) VALUES ('13', 'NECTAR UP PIÑA 250 ML',  7.00000000 ,  7.00000000 , 10, 250, 4, 3295, NULL);
INSERT INTO `lacteos_db`.`products` (`code`, `description`, `precio_lista`, `precio_compra`, `cant_caja`, `content`, `um`, `grupo`, `create_time`) VALUES ('C13', 'PEPERONI CAMPESTRE KG',  203.00000000 ,  203.00000000 , 10, 1, 7, 3291, NULL);
INSERT INTO `lacteos_db`.`products` (`code`, `description`, `precio_lista`, `precio_compra`, `cant_caja`, `content`, `um`, `grupo`, `create_time`) VALUES ('C22', 'PRENSADO .250 GRS',  27.00000000 ,  27.00000000 , 10, 250, 3, 3291, NULL);
INSERT INTO `lacteos_db`.`products` (`code`, `description`, `precio_lista`, `precio_compra`, `cant_caja`, `content`, `um`, `grupo`, `create_time`) VALUES ('C21', 'PRENSADO 1 KG',  92.00000000 ,  92.00000000 , 10, 1, 7, 3291, NULL);
INSERT INTO `lacteos_db`.`products` (`code`, `description`, `precio_lista`, `precio_compra`, `cant_caja`, `content`, `um`, `grupo`, `create_time`) VALUES ('C20', 'QUESO AMARILLO CASA BLANCA PAQ 7 PZAS.',  15.00000000 ,  15.00000000 , 10, 7, 8, 3291, NULL);
INSERT INTO `lacteos_db`.`products` (`code`, `description`, `precio_lista`, `precio_compra`, `cant_caja`, `content`, `um`, `grupo`, `create_time`) VALUES ('C42', 'QUESO COTIJA .250 GRS TRES GENERACIONES',  30.00000000 ,  30.00000000 , 10, 250, 3, 3505, NULL);
INSERT INTO `lacteos_db`.`products` (`code`, `description`, `precio_lista`, `precio_compra`, `cant_caja`, `content`, `um`, `grupo`, `create_time`) VALUES ('685388-4332', 'QUESO COTIJA ENCHILADO KG ',  103.00000000 ,  103.00000000 , 10, 1, 7, 3291, NULL);
INSERT INTO `lacteos_db`.`products` (`code`, `description`, `precio_lista`, `precio_compra`, `cant_caja`, `content`, `um`, `grupo`, `create_time`) VALUES ('C19', 'QUESO OAXACA .200 GRS ALPINO ',  29.00000000 ,  29.00000000 , 10, 200, 3, 3291, NULL);
INSERT INTO `lacteos_db`.`products` (`code`, `description`, `precio_lista`, `precio_compra`, `cant_caja`, `content`, `um`, `grupo`, `create_time`) VALUES ('672158-4332', 'QUESO OAXACA BOLA KG TRES GENERACIONES',  100.00000000 ,  100.00000000 , 10, 1, 7, 3505, NULL);
INSERT INTO `lacteos_db`.`products` (`code`, `description`, `precio_lista`, `precio_compra`, `cant_caja`, `content`, `um`, `grupo`, `create_time`) VALUES ('685669-4332', 'QUESO OAXACA RAYADO KG TRES GENERACIONES',  100.00000000 ,  100.00000000 , 10, 1, 7, 3505, NULL);
INSERT INTO `lacteos_db`.`products` (`code`, `description`, `precio_lista`, `precio_compra`, `cant_caja`, `content`, `um`, `grupo`, `create_time`) VALUES ('671897-4332', 'QUESO OAXACA TIRA KG TRES GENERACIONES',  100.00000000 ,  100.00000000 , 10, 1, 7, 3505, NULL);
INSERT INTO `lacteos_db`.`products` (`code`, `description`, `precio_lista`, `precio_compra`, `cant_caja`, `content`, `um`, `grupo`, `create_time`) VALUES ('195', 'QUESO PETTIT DURAZNO 180 GRS',  5.50000000 ,  5.50000000 , 10, 1, 3, 3280, NULL);
INSERT INTO `lacteos_db`.`products` (`code`, `description`, `precio_lista`, `precio_compra`, `cant_caja`, `content`, `um`, `grupo`, `create_time`) VALUES ('193', 'QUESO PETTIT FRESA .180 GRS',  5.50000000 ,  5.50000000 , 10, 180, 3, 3280, NULL);
INSERT INTO `lacteos_db`.`products` (`code`, `description`, `precio_lista`, `precio_compra`, `cant_caja`, `content`, `um`, `grupo`, `create_time`) VALUES ('192', 'QUESO PETTIT MANGO 180 GRS',  5.50000000 ,  5.50000000 , 10, 1, 3, 3280, NULL);
INSERT INTO `lacteos_db`.`products` (`code`, `description`, `precio_lista`, `precio_compra`, `cant_caja`, `content`, `um`, `grupo`, `create_time`) VALUES ('C18', 'QUESO PUERCO CAMPESTRE .250 GRS',  22.00000000 ,  22.00000000 , 10, 250, 3, 3291, NULL);
INSERT INTO `lacteos_db`.`products` (`code`, `description`, `precio_lista`, `precio_compra`, `cant_caja`, `content`, `um`, `grupo`, `create_time`) VALUES ('C16', 'SALCHICHA DUBY 2.5  KG ',  86.00000000 ,  86.00000000 , 10, 2.5, 7, 3291, NULL);
INSERT INTO `lacteos_db`.`products` (`code`, `description`, `precio_lista`, `precio_compra`, `cant_caja`, `content`, `um`, `grupo`, `create_time`) VALUES ('C5', 'SALCHICHA FRANKFURT BAFAR 2 KG',  124.00000000 ,  124.00000000 , 10, 2, 7, 3291, NULL);
INSERT INTO `lacteos_db`.`products` (`code`, `description`, `precio_lista`, `precio_compra`, `cant_caja`, `content`, `um`, `grupo`, `create_time`) VALUES ('C4', 'SALCHICHA FRANKFURT KIR 2 KG',  124.00000000 ,  124.00000000 , 10, 2, 7, 3291, NULL);
INSERT INTO `lacteos_db`.`products` (`code`, `description`, `precio_lista`, `precio_compra`, `cant_caja`, `content`, `um`, `grupo`, `create_time`) VALUES ('C15', 'SALCHICHA FRANKFURT SUZANNE .500 GRS',  31.00000000 ,  31.00000000 , 10, 500, 3, 3291, NULL);
INSERT INTO `lacteos_db`.`products` (`code`, `description`, `precio_lista`, `precio_compra`, `cant_caja`, `content`, `um`, `grupo`, `create_time`) VALUES ('C17', 'SALCHIPESO PAQ 10 PZAS',  16.00000000 ,  16.00000000 , 10, 1, 8, 3291, NULL);
INSERT INTO `lacteos_db`.`products` (`code`, `description`, `precio_lista`, `precio_compra`, `cant_caja`, `content`, `um`, `grupo`, `create_time`) VALUES ('586', 'SHEIK CIRUELA .250 GRS ',  12.00000000 ,  12.00000000 , 10, 250, 3, 3290, NULL);
INSERT INTO `lacteos_db`.`products` (`code`, `description`, `precio_lista`, `precio_compra`, `cant_caja`, `content`, `um`, `grupo`, `create_time`) VALUES ('584', 'SHEIK DURAZNO .250 GRS ',  12.00000000 ,  12.00000000 , 10, 250, 3, 3290, NULL);
INSERT INTO `lacteos_db`.`products` (`code`, `description`, `precio_lista`, `precio_compra`, `cant_caja`, `content`, `um`, `grupo`, `create_time`) VALUES ('583', 'SHEIK FRESA .250 GRS ',  12.00000000 ,  12.00000000 , 10, 250, 3, 3290, NULL);
INSERT INTO `lacteos_db`.`products` (`code`, `description`, `precio_lista`, `precio_compra`, `cant_caja`, `content`, `um`, `grupo`, `create_time`) VALUES ('585', 'SHEIK PIÑA-COCO .250 GRS ',  12.00000000 ,  12.00000000 , 10, 250, 3, 3290, NULL);
INSERT INTO `lacteos_db`.`products` (`code`, `description`, `precio_lista`, `precio_compra`, `cant_caja`, `content`, `um`, `grupo`, `create_time`) VALUES ('867', 'SHOT CHOCOLATE BIOPET .250 ML ',  13.00000000 ,  13.00000000 , 10, 250, 4, 3292, NULL);
INSERT INTO `lacteos_db`.`products` (`code`, `description`, `precio_lista`, `precio_compra`, `cant_caja`, `content`, `um`, `grupo`, `create_time`) VALUES ('825', 'SHOT FRESA SHOT BIOPET  .250 ML ',  13.00000000 ,  13.00000000 , 10, 250, 4, 3292, NULL);
INSERT INTO `lacteos_db`.`products` (`code`, `description`, `precio_lista`, `precio_compra`, `cant_caja`, `content`, `um`, `grupo`, `create_time`) VALUES ('826', 'SHOT VAINILLA SHOT BIOPET .250 ML',  13.00000000 ,  13.00000000 , 10, 250, 4, 3292, NULL);
INSERT INTO `lacteos_db`.`products` (`code`, `description`, `precio_lista`, `precio_compra`, `cant_caja`, `content`, `um`, `grupo`, `create_time`) VALUES ('24', 'TIKITO CHOCO FRESCO .236 ML',  10.00000000 ,  10.00000000 , 10, 236, 4, 3286, NULL);
INSERT INTO `lacteos_db`.`products` (`code`, `description`, `precio_lista`, `precio_compra`, `cant_caja`, `content`, `um`, `grupo`, `create_time`) VALUES ('14', 'TIKITO FRESA FRESCO .236 ML',  10.00000000 ,  10.00000000 , 10, 236, 4, 3286, NULL);
INSERT INTO `lacteos_db`.`products` (`code`, `description`, `precio_lista`, `precio_compra`, `cant_caja`, `content`, `um`, `grupo`, `create_time`) VALUES ('959', 'TIKITO UP CHOCOLATE .236 ML ',  10.00000000 ,  10.00000000 , 10, 236, 4, 3293, NULL);
INSERT INTO `lacteos_db`.`products` (`code`, `description`, `precio_lista`, `precio_compra`, `cant_caja`, `content`, `um`, `grupo`, `create_time`) VALUES ('960', 'TIKITO UP FRESA .236 ML ',  10.00000000 ,  10.00000000 , 10, 236, 4, 3293, NULL);
INSERT INTO `lacteos_db`.`products` (`code`, `description`, `precio_lista`, `precio_compra`, `cant_caja`, `content`, `um`, `grupo`, `create_time`) VALUES ('961', 'TIKITO UP VAINILLA .236 ML ',  10.00000000 ,  10.00000000 , 10, 236, 4, 3286, NULL);
INSERT INTO `lacteos_db`.`products` (`code`, `description`, `precio_lista`, `precio_compra`, `cant_caja`, `content`, `um`, `grupo`, `create_time`) VALUES ('17', 'TIKITO VAINILLA FRESCO .236 ML ',  10.00000000 ,  10.00000000 , 10, 236, 4, 3286, NULL);
INSERT INTO `lacteos_db`.`products` (`code`, `description`, `precio_lista`, `precio_compra`, `cant_caja`, `content`, `um`, `grupo`, `create_time`) VALUES ('685663-4332', 'TINAS TRES GENERACIONES ',  0.10000000 ,  0.10000000 , 10, 1, 8, 3509, NULL);
INSERT INTO `lacteos_db`.`products` (`code`, `description`, `precio_lista`, `precio_compra`, `cant_caja`, `content`, `um`, `grupo`, `create_time`) VALUES ('C11', 'TOCINO AREZZO .250 GRS',  35.00000000 ,  35.00000000 , 10, 250, 3, 3291, NULL);

COMMIT;


-- -----------------------------------------------------
-- Data for table `lacteos_db`.`factores_conversion`
-- -----------------------------------------------------
START TRANSACTION;
USE `lacteos_db`;
INSERT INTO `lacteos_db`.`factores_conversion` (`id`, `description`, `um`, `cantidad`, `um_eq`) VALUES (DEFAULT, 'ml en l', 4, 1000, 1);
INSERT INTO `lacteos_db`.`factores_conversion` (`id`, `description`, `um`, `cantidad`, `um_eq`) VALUES (DEFAULT, 'ml en Gal', 4, 3600, 2);

COMMIT;


-- -----------------------------------------------------
-- Data for table `lacteos_db`.`rutas`
-- -----------------------------------------------------
START TRANSACTION;
USE `lacteos_db`;
INSERT INTO `lacteos_db`.`rutas` (`no_ruta`, `descripcion`) VALUES (1, 'Santa Ana');
INSERT INTO `lacteos_db`.`rutas` (`no_ruta`, `descripcion`) VALUES (5, 'La Piedad');
INSERT INTO `lacteos_db`.`rutas` (`no_ruta`, `descripcion`) VALUES (10, 'Los Ocotes');
INSERT INTO `lacteos_db`.`rutas` (`no_ruta`, `descripcion`) VALUES (11, 'Penjamillo');
INSERT INTO `lacteos_db`.`rutas` (`no_ruta`, `descripcion`) VALUES (12, 'Numarán');
INSERT INTO `lacteos_db`.`rutas` (`no_ruta`, `descripcion`) VALUES (21, 'Degollado');

COMMIT;


-- -----------------------------------------------------
-- Data for table `lacteos_db`.`repartidores`
-- -----------------------------------------------------
START TRANSACTION;
USE `lacteos_db`;
INSERT INTO `lacteos_db`.`repartidores` (`id`, `nombres`, `edad`, `sexo`, `ruta`) VALUES (1, 'Vicente Guerrero', '33', 'M', 1);
INSERT INTO `lacteos_db`.`repartidores` (`id`, `nombres`, `edad`, `sexo`, `ruta`) VALUES (2, 'Alberto', '54', 'M', 5);
INSERT INTO `lacteos_db`.`repartidores` (`id`, `nombres`, `edad`, `sexo`, `ruta`) VALUES (3, 'Pepe', '33', 'M', 10);
INSERT INTO `lacteos_db`.`repartidores` (`id`, `nombres`, `edad`, `sexo`, `ruta`) VALUES (4, 'Omar', '44', 'M', 11);
INSERT INTO `lacteos_db`.`repartidores` (`id`, `nombres`, `edad`, `sexo`, `ruta`) VALUES (5, 'Felipe', '44', 'M', 12);
INSERT INTO `lacteos_db`.`repartidores` (`id`, `nombres`, `edad`, `sexo`, `ruta`) VALUES (6, 'Villa', '55', 'M', 21);

COMMIT;

